image,A,B,C,D,E,F,K,L,M,N,O,P
021002_004.png,0.15654709935188293,0.1526409238576889,0.12393844127655029,0.1692200005054474,0.12327947467565536,0.1684596687555313,0.1213107630610466,0.14917510747909546,0.16757722198963165,0.15544912219047546,0.16255134344100952,0.1499464213848114
021003_004.png,0.1833602488040924,0.19250555336475372,0.13957734405994415,0.18059581518173218,0.1416306495666504,0.1773919314146042,0.13607299327850342,0.17255018651485443,0.1839074343442917,0.1870533525943756,0.19179610908031464,0.1664862036705017
021011_004.png,0.1957799196243286,0.20581355690956116,0.16301706433296204,0.19429752230644226,0.1549103558063507,0.19567155838012695,0.15201936662197113,0.1920786201953888,0.20289131999015808,0.1839257925748825,0.1907159835100174,0.17515985667705536
